gwtrait	gwchr	gwpeak	mediator	multi_abs_est	multi_padjust	var	estimate	ci_lower	ci_upper	prob	mediator_gene	e_peak	eQTL_classification
t97_mean	II	38586	T08E11.8	0.15026976967677383	0.029	med	0.1818525786023356	-0.05866564458826858	0.5652077184173788	0.198	T08E11.8	1177776	Local eQTL
t97_mean	II	38586	T08E11.8	0.15026976967677383	0.029	direct	0.14592365820196265	-0.21771237779198324	0.46387221542830737	0.342	T08E11.8	1177776	Local eQTL
t97_mean	II	38586	T08E11.8	0.15026976967677383	0.029	total	0.32777623680429824	-0.11350298773391868	0.8226044150559891	0.19	T08E11.8	1177776	Local eQTL
t97_mean	II	38586	T08E11.8	0.15026976967677383	0.029	prop_med	0.5548070853925642	-1.9344921403311972	2.1749672980979247	0.316	T08E11.8	1177776	Local eQTL
t97_mean	II	38586	K06C4.11.1	0.0815923649500438	0.043	med	-0.0870053786923127	-0.23194758705450666	-7.734773835366463e-6	0.05	his-19	2319784	Distant eQTL
t97_mean	II	38586	K06C4.11.1	0.0815923649500438	0.043	direct	0.5696023913488044	0.26031180086714145	0.8904028745828897	0.002	his-19	2319784	Distant eQTL
t97_mean	II	38586	K06C4.11.1	0.0815923649500438	0.043	total	0.4825970126564917	0.1518024409988764	0.8047716335852727	0.006	his-19	2319784	Distant eQTL
t97_mean	II	38586	K06C4.11.1	0.0815923649500438	0.043	prop_med	-0.18028577966818532	-0.8348242072619276	0.009830629788243037	0.056	his-19	2319784	Distant eQTL
t97_mean	II	38586	F07B7.3.1	0.0815923649500438	0.046	med	-0.0870053786923127	-0.22977494684637678	7.648618209979843e-5	0.052	his-53	2319784	Distant eQTL
t97_mean	II	38586	F07B7.3.1	0.0815923649500438	0.046	direct	0.5696023913488044	0.2636073761707378	0.8789525792442917	0	his-53	2319784	Distant eQTL
t97_mean	II	38586	F07B7.3.1	0.0815923649500438	0.046	total	0.4825970126564917	0.1686000707346437	0.8104551635133501	0	his-53	2319784	Distant eQTL
t97_mean	II	38586	F07B7.3.1	0.0815923649500438	0.046	prop_med	-0.18028577966818532	-0.9043330207868616	1.1393474625055885e-4	0.052	his-53	2319784	Distant eQTL
t97_mean	II	38586	F46F5.4	0.0822281997028128	0.046	med	0.08790503652975348	-0.005444330177110944	0.25537557023145974	0.06	F46F5.4	749717	Local eQTL
t97_mean	II	38586	F46F5.4	0.0822281997028128	0.046	direct	0.39469197612673845	0.07803760753784938	0.7258286355316266	0.022	F46F5.4	749717	Local eQTL
t97_mean	II	38586	F46F5.4	0.0822281997028128	0.046	total	0.4825970126564919	0.17672261149230192	0.8226415893437848	0.008	F46F5.4	749717	Local eQTL
t97_mean	II	38586	F46F5.4	0.0822281997028128	0.046	prop_med	0.18214998067616195	-0.026292731604985308	0.6445890947382601	0.068	F46F5.4	749717	Local eQTL
t97_mean	II	38586	K06C4.3.1	0.0815923649500438	0.054	NA	NA	NA	NA	NA	his-21	2319784	Distant eQTL
t97_mean	II	38586	F07B7.10.1	0.0815923649500438	0.055	NA	NA	NA	NA	NA	his-51	2319784	Distant eQTL
t97_mean	II	38586	K01A2.3a	0.08330064366084154	0.059	NA	NA	NA	NA	NA	K01A2.3	775060	Local eQTL
t97_mean	II	38586	C08G5.1	0.11565289936842924	0.078	med	0.1333133906102857	-0.030724058280730056	0.4402085660315768	0.132	C08G5.1	485573	Local eQTL
t97_mean	II	38586	C08G5.1	0.11565289936842924	0.078	direct	0.34928362204620644	-0.04141952656981904	0.7029643241335246	0.082	C08G5.1	485573	Local eQTL
t97_mean	II	38586	C08G5.1	0.11565289936842924	0.078	total	0.48259701265649213	0.1776670544726595	0.7805710486092065	0.002	C08G5.1	485573	Local eQTL
t97_mean	II	38586	C08G5.1	0.11565289936842924	0.078	prop_med	0.27624164077695373	-0.06651671371020626	1.1119777807037994	0.134	C08G5.1	485573	Local eQTL
t97_mean	II	38586	W09B6.4a.1	0.07035032789302365	0.089	NA	NA	NA	NA	NA	W09B6.4	1100367	Local eQTL
t97_mean	II	38586	K12H6.6a.2	0.07090596090595581	0.111	NA	NA	NA	NA	NA	K12H6.6	2831547	Local eQTL
t97_mean	II	38586	ZK617.1e.1	0.08374900962719378	0.117	NA	NA	NA	NA	NA	unc-22	473231	Distant eQTL
t97_mean	II	38586	Y48G9A.9b.1	0.06730921902718845	0.119	NA	NA	NA	NA	NA	Y48G9A.9	582303	Distant eQTL
t97_mean	II	38586	T10B11.7a.2	0.0505097856323809	0.123	NA	NA	NA	NA	NA	hrde-4	1186497	Distant eQTL
t97_mean	II	38586	C03H5.2.2	0.04443488842198759	0.138	NA	NA	NA	NA	NA	nstp-4	393537	Local eQTL
t97_mean	II	38586	K01A2.8c.1	0.07957330020913124	0.148	NA	NA	NA	NA	NA	mps-2	88086	Local eQTL
t97_mean	II	38586	F59H6.14.1	0.0862867026096672	0.152	NA	NA	NA	NA	NA	F59H6.14	1735066	Local eQTL
t97_mean	II	38586	F58G11.2a.1	0.04912282950827776	0.155	NA	NA	NA	NA	NA	rde-12	355941	Distant eQTL
t97_mean	II	38586	C40A11.1.1	0.04921009480707604	0.171	NA	NA	NA	NA	NA	math-18	1677238	Local eQTL
t97_mean	II	38586	C48D1.3.2	0.039239704161505976	0.176	NA	NA	NA	NA	NA	cho-1	620637	Distant eQTL
t97_mean	II	38586	C32B5.1b.1	0.10363467272488461	0.178	med	0.12588882953147632	-0.05290498934378915	0.31786539403933806	0.184	fbxc-40	3564964	Distant eQTL
t97_mean	II	38586	C32B5.1b.1	0.10363467272488461	0.178	direct	0.3567081831250156	0.030069898481309955	0.7456740149620593	0.036	fbxc-40	3564964	Distant eQTL
t97_mean	II	38586	C32B5.1b.1	0.10363467272488461	0.178	total	0.482597012656492	0.18025071473344406	0.786007155289264	0.01	fbxc-40	3564964	Distant eQTL
t97_mean	II	38586	C32B5.1b.1	0.10363467272488461	0.178	prop_med	0.2608570426876695	-0.1246218727919694	0.862081239437746	0.174	fbxc-40	3564964	Distant eQTL
t97_mean	II	38586	F54D10.2.1	0.0996286556855333	0.18	med	0.11801990550260008	-0.0609245818853078	0.3084144930142156	0.176	fbxa-24	3748259	Local eQTL
t97_mean	II	38586	F54D10.2.1	0.0996286556855333	0.18	direct	0.364577107153892	0.04712619950688455	0.7356244906396091	0.026	fbxa-24	3748259	Local eQTL
t97_mean	II	38586	F54D10.2.1	0.0996286556855333	0.18	total	0.4825970126564921	0.17839009118587446	0.8021438306482994	0.002	fbxa-24	3748259	Local eQTL
t97_mean	II	38586	F54D10.2.1	0.0996286556855333	0.18	prop_med	0.2445516702495743	-0.18342739971410893	0.8016553052144285	0.174	fbxa-24	3748259	Local eQTL
t97_mean	II	38586	K02E7.6	0.06278521882576762	0.181	NA	NA	NA	NA	NA	K02E7.6	1075610	Local eQTL
t97_mean	II	38586	W09B6.4c.1	0.03843324926772635	0.183	NA	NA	NA	NA	NA	W09B6.4	1075610	Local eQTL
t97_mean	II	38586	W05B2.5.2	0.0355647297755257	0.187	NA	NA	NA	NA	NA	col-93	1204125	Distant eQTL
t97_mean	II	38586	F17B5.1a.1	0.03583826920693799	0.203	NA	NA	NA	NA	NA	F17B5.1	9780	Distant eQTL
t97_mean	II	38586	R03H10.6.1	0.050474439449157894	0.208	NA	NA	NA	NA	NA	R03H10.6	4238589	Local eQTL
t97_mean	II	38586	F45E4.1.1	0.03653501024216432	0.216	NA	NA	NA	NA	NA	arf-1.1	473231	Distant eQTL
t97_mean	II	38586	C52E2.6.1	0.07902622907482544	0.217	NA	NA	NA	NA	NA	fbxb-97	1676521	Local eQTL
t97_mean	II	38586	F47B7.6	0.05447286600243583	0.222	NA	NA	NA	NA	NA	F47B7.6	3658886	Distant eQTL
t97_mean	II	38586	C23H3.9b.1	0.04826749603198795	0.227	NA	NA	NA	NA	NA	C23H3.9	815052	Local eQTL
t97_mean	II	38586	T28A11.21.2	0.058896080978541356	0.233	NA	NA	NA	NA	NA	fbxa-64	1488875	Distant eQTL
t97_mean	II	38586	F07B7.4.1	0.040170331927972085	0.236	NA	NA	NA	NA	NA	his-52	209512	Distant eQTL
t97_mean	II	38586	F45D11.15.1	0.04210934281522189	0.236	NA	NA	NA	NA	NA	F45D11.15	1177961	Local eQTL
t97_mean	II	38586	K02E7.9.1	0.07055962356740468	0.237	NA	NA	NA	NA	NA	btb-10	2780968	Distant eQTL
t97_mean	II	38586	F53F4.8	0.045689002186651104	0.238	NA	NA	NA	NA	NA	F53F4.8	355941	Distant eQTL
t97_mean	II	38586	Y17D7C.3	0.033134558869722046	0.238	NA	NA	NA	NA	NA	Y17D7C.3	587549	Distant eQTL
t97_mean	II	38586	W05B2.4.1	0.03877631058508861	0.251	NA	NA	NA	NA	NA	dhc-4	3564780	Distant eQTL
t97_mean	II	38586	Y66D12A.16d.1	0.060341889677964104	0.251	NA	NA	NA	NA	NA	Y66D12A.16	306200	Distant eQTL
t97_mean	II	38586	F36H5.14.2	0.0875367407086172	0.255	NA	NA	NA	NA	NA	F36H5.14	1180779	Local eQTL
t97_mean	II	38586	K06C4.4.1	0.040170331927972085	0.255	NA	NA	NA	NA	NA	his-20	209512	Distant eQTL
t97_mean	II	38586	F23F1.8b.1	0.04935845025913287	0.262	NA	NA	NA	NA	NA	rpt-4	1083817	Distant eQTL
t97_mean	II	38586	F31E8.2a.2	0.030556419946560727	0.265	NA	NA	NA	NA	NA	snt-1	946924	Distant eQTL
t97_mean	II	38586	C34C6.10.1	0.03410155656208539	0.267	NA	NA	NA	NA	NA	C34C6.10	744778	Distant eQTL
t97_mean	II	38586	T08H4.3.1	0.028551791955920867	0.27	NA	NA	NA	NA	NA	ast-1	551358	Distant eQTL
t97_mean	II	38586	C33C12.10.2	0.0603007965581616	0.271	NA	NA	NA	NA	NA	C33C12.10	2196441	Local eQTL
t97_mean	II	38586	C40A11.3.1	0.07058021099937677	0.271	NA	NA	NA	NA	NA	C40A11.3	1539480	Local eQTL
t97_mean	II	38586	F07B7.11.1	0.040170331927972085	0.271	NA	NA	NA	NA	NA	his-54	209512	Distant eQTL
t97_mean	II	38586	K02E7.10.1	0.04328030477744418	0.272	NA	NA	NA	NA	NA	K02E7.10	430587	Local eQTL
t97_mean	II	38586	C48B4.7.1	0.02602189748665103	0.273	NA	NA	NA	NA	NA	C48B4.7	485573	Distant eQTL
t97_mean	II	38586	K07B1.6b.2	0.038831552669921186	0.274	NA	NA	NA	NA	NA	tos-1	1733193	Distant eQTL
t97_mean	II	38586	F07E5.12.1	0.03755340582638193	0.278	NA	NA	NA	NA	NA	F07E5.12	1612208	Local eQTL
t97_mean	II	38586	F45D11.3	0.03435582551497101	0.278	NA	NA	NA	NA	NA	F45D11.3	1001269	Local eQTL
t97_mean	II	38586	K06C4.12.1	0.040170331927972085	0.281	NA	NA	NA	NA	NA	his-22	209512	Distant eQTL
t97_mean	II	38586	T02B5.1.1	0.030118928374739937	0.288	NA	NA	NA	NA	NA	cest-1.1	946924	Distant eQTL
t97_mean	II	38586	F45D11.2	0.03435582551497101	0.29	NA	NA	NA	NA	NA	F45D11.2	1001269	Local eQTL
t97_mean	II	38586	F59H6.12.1	0.06558044744676823	0.29	NA	NA	NA	NA	NA	btb-4	1735237	Local eQTL
t97_mean	II	38586	T13B5.6.1	0.056472726885916535	0.292	NA	NA	NA	NA	NA	lips-12	1091173	Local eQTL
t97_mean	II	38586	Y97E10AR.3.2	0.03338872504043266	0.293	NA	NA	NA	NA	NA	Y97E10AR.3	1186497	Distant eQTL
t97_mean	II	38586	F15B9.9.1	0.035107726179662034	0.294	NA	NA	NA	NA	NA	dsl-7	946924	Distant eQTL
t97_mean	II	38586	W09B6.4a.2	0.026643264755403222	0.297	NA	NA	NA	NA	NA	W09B6.4	1099580	Local eQTL
t97_mean	II	38586	F59H6.11.2	0.05552626791524186	0.298	NA	NA	NA	NA	NA	bath-5	1735237	Local eQTL
t97_mean	II	38586	R52.3	0.058599350349589525	0.299	NA	NA	NA	NA	NA	math-35	2200740	Local eQTL
t97_mean	II	38586	C18H7.2a.1	0.03277235871587633	0.303	NA	NA	NA	NA	NA	inx-18	946924	Distant eQTL
t97_mean	II	38586	C23H3.4a.1	0.02885857154027517	0.303	NA	NA	NA	NA	NA	sptl-1	376492	Local eQTL
t97_mean	II	38586	T02H6.8.1	0.07954886714481242	0.303	NA	NA	NA	NA	NA	T02H6.8	622528	Local eQTL
t97_mean	II	38586	C26B9.1a.1	0.023368080819787168	0.306	NA	NA	NA	NA	NA	C26B9.1	876138	Distant eQTL
t97_mean	II	38586	Y95B8A.1b.1	0.02582032681179919	0.306	NA	NA	NA	NA	NA	nas-30	1186497	Distant eQTL
t97_mean	II	38586	C46F9.1a.1	0.03904690466385274	0.309	NA	NA	NA	NA	NA	math-22	1611691	Local eQTL
t97_mean	II	38586	F42G2.4.1	0.056001856260434656	0.316	NA	NA	NA	NA	NA	fbxa-182	3636951	Distant eQTL
t97_mean	II	38586	F45D11.4	0.03435582551497101	0.316	NA	NA	NA	NA	NA	F45D11.4	1001269	Local eQTL
t97_mean	II	38586	C24H12.2	0.03541906831780892	0.32	NA	NA	NA	NA	NA	C24H12.2	1746993	Distant eQTL
t97_mean	II	38586	C32B5.13.1	0.08335825637421063	0.323	NA	NA	NA	NA	NA	C32B5.13	968720	Local eQTL
t97_mean	II	38586	R07C3.12	0.03279367792537675	0.328	NA	NA	NA	NA	NA	clec-44	913447	Local eQTL
t97_mean	II	38586	F59H6.15.1	0.037492585234107145	0.331	NA	NA	NA	NA	NA	F59H6.15	1664487	Local eQTL
t97_mean	II	38586	C44B7.10.2	0.026537326111068463	0.342	NA	NA	NA	NA	NA	acer-1	1186497	Distant eQTL
t97_mean	II	38586	C46F9.3.1	0.057609954564576925	0.343	NA	NA	NA	NA	NA	math-24	1161863	Local eQTL
t97_mean	II	38586	T08E11.3.1	0.087742802123667335	0.343	med	0.10647892711199353	-0.1252772257991036	0.4055018023854909	0.442	math-40	3629604	Distant eQTL
t97_mean	II	38586	T08E11.3.1	0.087742802123667335	0.343	direct	0.14830313288811545	-0.15481537337081716	0.5839372983685835	0.366	math-40	3629604	Distant eQTL
t97_mean	II	38586	T08E11.3.1	0.087742802123667335	0.343	total	0.254782060000109	-0.09680326463870435	0.7002993387251388	0.204	math-40	3629604	Distant eQTL
t97_mean	II	38586	T08E11.3.1	0.087742802123667335	0.343	prop_med	0.4179216037108263	-1.3239149243683626	1.936010945377165	NA	math-40	3629604	Distant eQTL
t97_mean	II	38586	F59H6.1.1	0.05798419296876535	0.344	NA	NA	NA	NA	NA	bath-19	1735066	Local eQTL
t97_mean	II	38586	F42G2.2b.1	0.05157856459390903	0.346	NA	NA	NA	NA	NA	F42G2.2	2429698	Local eQTL
t97_mean	II	38586	C08G5.3b	0.019389162835514985	0.353	NA	NA	NA	NA	NA	C08G5.3	1242460	Local eQTL
t97_mean	II	38586	F53G2.4a.1	0.038138372302113616	0.353	NA	NA	NA	NA	NA	pqn-42	2455611	Local eQTL
t97_mean	II	38586	F28A10.5.1	0.04799912497596863	0.356	NA	NA	NA	NA	NA	F28A10.5	873752	Local eQTL
t97_mean	II	38586	F25B4.3	0.02579549852872538	0.362	NA	NA	NA	NA	NA	F25B4.3	877182	Distant eQTL
t97_mean	II	38586	Y108F1.3	0.04221731667469952	0.364	NA	NA	NA	NA	NA	set-33	630616	Distant eQTL
t97_mean	II	38586	F57C2.2.1	0.017550217547667123	0.369	NA	NA	NA	NA	NA	btb-19	546631	Distant eQTL
t97_mean	II	38586	K09E3.4	0.044737976699815586	0.377	NA	NA	NA	NA	NA	K09E3.4	2208261	Distant eQTL
t97_mean	II	38586	F46F5.15a.1	0.042020649312651384	0.378	NA	NA	NA	NA	NA	F46F5.15	799753	Local eQTL
t97_mean	II	38586	T28A11.2.2	0.038689307686917335	0.378	NA	NA	NA	NA	NA	T28A11.2	925034	Distant eQTL
t97_mean	II	38586	F07E5.8.1	0.04325682101345522	0.38	NA	NA	NA	NA	NA	F07E5.8	2180709	Local eQTL
t97_mean	II	38586	C08F1.1	0.047241491752558123	0.383	NA	NA	NA	NA	NA	math-2	1739882	Local eQTL
t97_mean	II	38586	T02H6.9.1	0.04456442064237615	0.386	NA	NA	NA	NA	NA	T02H6.9	1000891	Local eQTL
t97_mean	II	38586	B0491.8b.1	0.024539988484093472	0.387	NA	NA	NA	NA	NA	clh-2	946924	Distant eQTL
t97_mean	II	38586	C08E3.11	0.017677422312406692	0.397	NA	NA	NA	NA	NA	fbxa-159	2181630	Local eQTL
t97_mean	II	38586	C54F6.13b.1	0.029982280143812375	0.397	NA	NA	NA	NA	NA	nhx-3	1186497	Distant eQTL
t97_mean	II	38586	M01D1.3.1	0.037165877394534606	0.397	NA	NA	NA	NA	NA	btb-11	1075882	Local eQTL
t97_mean	II	38586	C17H1.7.1	0.01604864225523446	0.398	NA	NA	NA	NA	NA	pals-6	946924	Distant eQTL
t97_mean	II	38586	F58E1.13.1	0.01579026958327722	0.409	NA	NA	NA	NA	NA	F58E1.13	2111466	Local eQTL
t97_mean	II	38586	Y105C5A.9b.1	0.021394151620722848	0.412	NA	NA	NA	NA	NA	Y105C5A.9	2063402	Distant eQTL
t97_mean	II	38586	B0403.5.1	0.023239475046813025	0.413	NA	NA	NA	NA	NA	B0403.5	946924	Distant eQTL
t97_mean	II	38586	C40A11.2.2	0.023612497252484134	0.414	NA	NA	NA	NA	NA	C40A11.2	1730486	Local eQTL
t97_mean	II	38586	EGAP9.2.1	0.017742411914251306	0.415	NA	NA	NA	NA	NA	fut-2	946924	Distant eQTL
t97_mean	II	38586	T10B5.10a.1	0.013625779356582213	0.415	NA	NA	NA	NA	NA	T10B5.10	946924	Distant eQTL
t97_mean	II	38586	D2062.7.1	0.030892232992034772	0.417	NA	NA	NA	NA	NA	msrp-5	2626577	Local eQTL
t97_mean	II	38586	F59H6.11.1	0.0856507721583188	0.417	NA	NA	NA	NA	NA	bath-5	1736605	Local eQTL
t97_mean	II	38586	Y51H7C.5.1	0.015664647653504237	0.419	NA	NA	NA	NA	NA	alkb-1	1469143	Local eQTL
t97_mean	II	38586	R09F10.7.1	0.016095477229265166	0.422	NA	NA	NA	NA	NA	pqn-57	946924	Distant eQTL
t97_mean	II	38586	F32D8.7b.1	0.012950158702814026	0.423	NA	NA	NA	NA	NA	F32D8.7	1186497	Distant eQTL
t97_mean	II	38586	F45E4.3c.1	0.016372286053743985	0.424	NA	NA	NA	NA	NA	cla-1	946924	Distant eQTL
t97_mean	II	38586	C54D10.14a.1	0.016519616800035802	0.426	NA	NA	NA	NA	NA	pals-37	630902	Distant eQTL
t97_mean	II	38586	C32C4.1e.1	0.015088492509972084	0.427	NA	NA	NA	NA	NA	kvs-2	946924	Distant eQTL
t97_mean	II	38586	C46G7.4t.1	0.02468122828960634	0.428	NA	NA	NA	NA	NA	pqn-22	946924	Distant eQTL
t97_mean	II	38586	F59H6.9.1	0.03402205812325902	0.43	NA	NA	NA	NA	NA	bath-1	1735066	Local eQTL
t97_mean	II	38586	T28A11.25.1	0.03034031134600422	0.431	NA	NA	NA	NA	NA	T28A11.25	925034	Distant eQTL
t97_mean	II	38586	Y69H2.3d.1	0.031679202460134205	0.431	NA	NA	NA	NA	NA	Y69H2.3	587549	Distant eQTL
t97_mean	II	38586	Y59C2A.3.1	0.01602957394359605	0.433	NA	NA	NA	NA	NA	Y59C2A.3	2214312	Local eQTL
t97_mean	II	38586	F55C10.2.1	0.019518282790381255	0.434	NA	NA	NA	NA	NA	col-154	1146328	Distant eQTL
t97_mean	II	38586	C23H3.9b.2	0.026027333380204052	0.436	NA	NA	NA	NA	NA	C23H3.9	88086	Local eQTL
t97_mean	II	38586	F32D8.1.1	0.01386970606383033	0.437	NA	NA	NA	NA	NA	F32D8.1	946924	Distant eQTL
t97_mean	II	38586	T26F2.3.1	0.016037073763325298	0.437	NA	NA	NA	NA	NA	eol-1	715409	Distant eQTL
t97_mean	II	38586	H29C22.1.2	0.025894931381574775	0.439	NA	NA	NA	NA	NA	H29C22.1	1186497	Distant eQTL
t97_mean	II	38586	K07E8.7a.1	0.016918054451849848	0.441	NA	NA	NA	NA	NA	K07E8.7	648653	Local eQTL
t97_mean	II	38586	B0399.1b.2	0.017118462030697855	0.442	NA	NA	NA	NA	NA	kcnl-1	1186497	Distant eQTL
t97_mean	II	38586	Y69H2.3a.1	0.02476853074652771	0.449	NA	NA	NA	NA	NA	Y69H2.3	587549	Distant eQTL
t97_mean	II	38586	C16C4.18.2	0.04559143038318862	0.45	NA	NA	NA	NA	NA	C16C4.18	1676521	Local eQTL
t97_mean	II	38586	R11G1.1.1	0.01284217038859037	0.45	NA	NA	NA	NA	NA	R11G1.1	541722	Distant eQTL
t97_mean	II	38586	W10D9.3a.1	0.03355109640805555	0.455	NA	NA	NA	NA	NA	W10D9.3	333781	Local eQTL
t97_mean	II	38586	C33C12.12.1	0.020205044024997038	0.456	NA	NA	NA	NA	NA	C33C12.12	2196511	Local eQTL
t97_mean	II	38586	F26B1.4.1	0.0162081133118193	0.456	NA	NA	NA	NA	NA	col-58	946924	Distant eQTL
t97_mean	II	38586	ZC317.3.1	0.012498083546477889	0.459	NA	NA	NA	NA	NA	glc-3	946924	Distant eQTL
t97_mean	II	38586	F36H5.2	0.07660411391698671	0.461	NA	NA	NA	NA	NA	math-27	1180779	Local eQTL
t97_mean	II	38586	C40D2.2.2	0.034455595174805884	0.468	NA	NA	NA	NA	NA	math-20	1510086	Local eQTL
t97_mean	II	38586	T02C12.4	0.013185945553920298	0.472	NA	NA	NA	NA	NA	T02C12.4	1186497	Distant eQTL
t97_mean	II	38586	C35A5.2.1	0.011563467125061885	0.474	NA	NA	NA	NA	NA	ugt-33	946924	Distant eQTL
t97_mean	II	38586	F59H6.3	0.029301734727512137	0.475	NA	NA	NA	NA	NA	F59H6.3	1735066	Local eQTL
t97_mean	II	38586	ZC204.14.1	0.030438011192534767	0.486	NA	NA	NA	NA	NA	ZC204.14	1611691	Local eQTL
t97_mean	II	38586	C52E2.5.1	0.039404431880294966	0.488	NA	NA	NA	NA	NA	C52E2.5	1611691	Local eQTL
t97_mean	II	38586	B0047.2	0.01670041090994964	0.489	NA	NA	NA	NA	NA	btb-3	1677238	Local eQTL
t97_mean	II	38586	F43C11.7.1	0.04468899950082899	0.49	NA	NA	NA	NA	NA	F43C11.7	2216946	Local eQTL
t97_mean	II	38586	T04B8.6	0.05788647062052321	0.492	NA	NA	NA	NA	NA	T04B8.6	637302	Local eQTL
t97_mean	II	38586	W10D9.5a.2	0.07219555649165224	0.495	NA	NA	NA	NA	NA	tomm-22	456592	Local eQTL
t97_mean	II	38586	F57C12.1.1	0.024702208669959296	0.5	NA	NA	NA	NA	NA	nas-38	946924	Distant eQTL
t97_mean	II	38586	F59H6.10.2	0.06416715367708535	0.503	NA	NA	NA	NA	NA	bath-3	2181630	Local eQTL
t97_mean	II	38586	C37C3.6a.1	0.01022269848371089	0.508	NA	NA	NA	NA	NA	mig-6	209512	Distant eQTL
t97_mean	II	38586	F54E4.1a.1	0.020975283617975	0.51	NA	NA	NA	NA	NA	rbc-1	913447	Distant eQTL
t97_mean	II	38586	T13B5.8a.1	0.02176253993295089	0.511	NA	NA	NA	NA	NA	sut-1	1132552	Local eQTL
t97_mean	II	38586	F45D11.14.1	0.031267750379400765	0.512	NA	NA	NA	NA	NA	F45D11.14	1177961	Local eQTL
t97_mean	II	38586	F52C6.8.1	0.016140548287874135	0.512	NA	NA	NA	NA	NA	bath-4	2207835	Local eQTL
t97_mean	II	38586	F47F6.9a.1	0.01238044000324977	0.513	NA	NA	NA	NA	NA	clpr-2	1392737	Local eQTL
t97_mean	II	38586	T27A1.2b.1	0.05515354485638639	0.513	NA	NA	NA	NA	NA	T27A1.2	520214	Local eQTL
t97_mean	II	38586	D1007.16.2	0.01316995227640638	0.517	NA	NA	NA	NA	NA	eaf-1	1186497	Distant eQTL
t97_mean	II	38586	K02E7.11.1	0.04489686220535038	0.518	NA	NA	NA	NA	NA	K02E7.11	1083817	Local eQTL
t97_mean	II	38586	Y51H7C.15	0.017066244356855755	0.519	NA	NA	NA	NA	NA	Y51H7C.15	1462989	Local eQTL
t97_mean	II	38586	F52C6.7	0.020474595222234795	0.524	NA	NA	NA	NA	NA	bath-11	2724907	Local eQTL
t97_mean	II	38586	K02E7.4.1	0.04304693569950246	0.525	NA	NA	NA	NA	NA	K02E7.4	902093	Local eQTL
t97_mean	II	38586	T21C9.9.1	0.017855549045330613	0.526	NA	NA	NA	NA	NA	T21C9.9	1186497	Distant eQTL
t97_mean	II	38586	ZK563.1.1	0.01753096244319571	0.531	NA	NA	NA	NA	NA	slcf-2	946924	Distant eQTL
t97_mean	II	38586	Y57G11C.20.1	0.016588293204766617	0.532	NA	NA	NA	NA	NA	Y57G11C.20	2458227	Distant eQTL
t97_mean	II	38586	W04H10.6a.1	0.022574258653062288	0.534	NA	NA	NA	NA	NA	W04H10.6	619041	Local eQTL
t97_mean	II	38586	T07D3.6	0.014482318974808485	0.536	NA	NA	NA	NA	NA	T07D3.6	902093	Local eQTL
t97_mean	II	38586	F46F5.1b.1	0.024869935655393867	0.54	NA	NA	NA	NA	NA	F46F5.1	749717	Local eQTL
t97_mean	II	38586	T09B4.2.1	0.009364315284969676	0.542	NA	NA	NA	NA	NA	T09B4.2	1186497	Distant eQTL
t97_mean	II	38586	Y51H1A.3b.1	0.016789090374844908	0.544	NA	NA	NA	NA	NA	Y51H1A.3	546631	Distant eQTL
t97_mean	II	38586	F45D11.8	0.014138791130231098	0.547	NA	NA	NA	NA	NA	fbxb-28	980171	Local eQTL
t97_mean	II	38586	M03E7.2.1	0.015317451438328402	0.552	NA	NA	NA	NA	NA	M03E7.2	946924	Distant eQTL
t97_mean	II	38586	ZK250.6.1	0.049028334647479646	0.552	NA	NA	NA	NA	NA	math-48	1468125	Local eQTL
t97_mean	II	38586	C41H7.3.1	0.025007196242116433	0.555	NA	NA	NA	NA	NA	lido-12	2701077	Local eQTL
t97_mean	II	38586	C08F1.4b.1	0.05593584848318325	0.56	NA	NA	NA	NA	NA	math-3	1180779	Local eQTL
t97_mean	II	38586	C41H7.4.1	0.03353016152145576	0.563	NA	NA	NA	NA	NA	lido-11	2701077	Local eQTL
t97_mean	II	38586	Y105C5A.9a.1	0.033834623846395455	0.565	NA	NA	NA	NA	NA	Y105C5A.9	1177776	Distant eQTL
t97_mean	II	38586	F38B6.5a.1	0.02074144229007607	0.566	NA	NA	NA	NA	NA	col-172	946924	Distant eQTL
t97_mean	II	38586	T06C12.5	0.006586787978124488	0.568	NA	NA	NA	NA	NA	fbxa-198	1156235	Distant eQTL
t97_mean	II	38586	Y51A2D.14.2	0.0176417453349681	0.57	NA	NA	NA	NA	NA	txt-14	2180709	Distant eQTL
t97_mean	II	38586	Y6D1A.2.1	0.010496392446972215	0.571	NA	NA	NA	NA	NA	Y6D1A.2	946924	Distant eQTL
t97_mean	II	38586	F36A4.6.1	0.017835509951598872	0.573	NA	NA	NA	NA	NA	col-33	1186497	Distant eQTL
t97_mean	II	38586	F36H5.1.1	0.048621301358471085	0.573	NA	NA	NA	NA	NA	math-26	1678404	Local eQTL
t97_mean	II	38586	Y54G2A.4.1	0.010549870868997765	0.576	NA	NA	NA	NA	NA	samt-1	946924	Distant eQTL
t97_mean	II	38586	Y73B3A.13	0.0079535336410722	0.579	NA	NA	NA	NA	NA	Y73B3A.13	546631	Distant eQTL
t97_mean	II	38586	T27D1.3.1	0.025603323600883025	0.582	NA	NA	NA	NA	NA	npr-15	630931	Distant eQTL
t97_mean	II	38586	ZC204.12.2	0.030026125137641708	0.582	NA	NA	NA	NA	NA	ZC204.12	1611691	Local eQTL
t97_mean	II	38586	C01B9.1b.1	0.018587550539919312	0.584	NA	NA	NA	NA	NA	C01B9.1	1186497	Distant eQTL
t97_mean	II	38586	B0250.3	0.03382524337152137	0.589	NA	NA	NA	NA	NA	B0250.3	473231	Distant eQTL
t97_mean	II	38586	F10D11.6a.1	0.017783335231317542	0.589	NA	NA	NA	NA	NA	F10D11.6	946924	Distant eQTL
t97_mean	II	38586	B0280.2.1	0.015569518941525947	0.59	NA	NA	NA	NA	NA	B0280.2	946924	Distant eQTL
t97_mean	II	38586	K07E8.7b.1	0.025858034107629952	0.592	NA	NA	NA	NA	NA	K07E8.7	648653	Local eQTL
t97_mean	II	38586	T08E11.2.1	0.03739499113152552	0.592	NA	NA	NA	NA	NA	math-39	1749430	Local eQTL
t97_mean	II	38586	Y46C8AL.9.1	0.018073763335374787	0.592	NA	NA	NA	NA	NA	clec-75	1653240	Distant eQTL
t97_mean	II	38586	T05H4.7.1	0.006816145326259796	0.594	NA	NA	NA	NA	NA	T05H4.7	551358	Distant eQTL
t97_mean	II	38586	ZK250.13.1	0.024539378177349854	0.595	NA	NA	NA	NA	NA	ZK250.13	1832144	Local eQTL
t97_mean	II	38586	F46A9.4.2	0.010927759759680812	0.596	NA	NA	NA	NA	NA	skr-2	946924	Distant eQTL
t97_mean	II	38586	Y46H3A.3a.1	0.006127456256799656	0.596	NA	NA	NA	NA	NA	hsp-16.2	473231	Distant eQTL
t97_mean	II	38586	ZC204.2.1	0.01545541220513548	0.598	NA	NA	NA	NA	NA	duxl-1	1311485	Local eQTL
t97_mean	II	38586	F52B11.4.1	0.012354518847744168	0.601	NA	NA	NA	NA	NA	col-133	1186497	Distant eQTL
t97_mean	II	38586	C43E11.3a.1	0.006601755899669693	0.602	NA	NA	NA	NA	NA	met-1	1100853	Distant eQTL
t97_mean	II	38586	C50D2.6b.1	0.02960292424437208	0.609	NA	NA	NA	NA	NA	C50D2.6	88086	Local eQTL
t97_mean	II	38586	H19J13.1.1	0.013190772038622137	0.614	NA	NA	NA	NA	NA	otpl-8	946924	Distant eQTL
t97_mean	II	38586	W03F11.6e.1	0.007836897247088854	0.615	NA	NA	NA	NA	NA	afd-1	946924	Distant eQTL
t97_mean	II	38586	C28F5.1.1	0.008501269696631633	0.623	NA	NA	NA	NA	NA	C28F5.1	946924	Distant eQTL
t97_mean	II	38586	C40D2.2.1	0.007482409502215749	0.631	NA	NA	NA	NA	NA	math-20	1722800	Local eQTL
t97_mean	II	38586	F40F9.10.1	0.01636114898612838	0.631	NA	NA	NA	NA	NA	F40F9.10	946924	Distant eQTL
t97_mean	II	38586	T04B8.2	0.012854344170178222	0.632	NA	NA	NA	NA	NA	T04B8.2	843345	Local eQTL
t97_mean	II	38586	T16A1.3.1	0.016176076374016846	0.633	NA	NA	NA	NA	NA	fbxc-49	1442585	Local eQTL
t97_mean	II	38586	K07E8.3.2	0.0075730711166971275	0.636	NA	NA	NA	NA	NA	sdz-24	814142	Local eQTL
t97_mean	II	38586	R52.10	0.025428682633256035	0.636	NA	NA	NA	NA	NA	sdz-29	2181630	Local eQTL
t97_mean	II	38586	ZK250.8	0.007808485179854474	0.639	NA	NA	NA	NA	NA	math-50	2063402	Local eQTL
t97_mean	II	38586	K05F6.10.1	0.024097051277677823	0.644	NA	NA	NA	NA	NA	K05F6.10	1576933	Local eQTL
t97_mean	II	38586	Y113G7B.5b.2	0.010307364097470866	0.644	NA	NA	NA	NA	NA	fog-2	1203610	Distant eQTL
t97_mean	II	38586	Y95B8A.1a.1	0.015387737639349293	0.646	NA	NA	NA	NA	NA	nas-30	946924	Distant eQTL
t97_mean	II	38586	K11D12.13.2	0.01347953318286217	0.648	NA	NA	NA	NA	NA	K11D12.13	880894	Distant eQTL
t97_mean	II	38586	F45E12.2b.1	0.0184775755771871	0.649	NA	NA	NA	NA	NA	brf-1	528911	Distant eQTL
t97_mean	II	38586	F52C6.9	0.009793732340775282	0.65	NA	NA	NA	NA	NA	bath-6	2111466	Local eQTL
t97_mean	II	38586	K02F6.4.1	0.010928174287012513	0.65	NA	NA	NA	NA	NA	K02F6.4	2514462	Local eQTL
t97_mean	II	38586	C03H5.1.1	0.028881644745457232	0.654	NA	NA	NA	NA	NA	clec-10	411981	Local eQTL
t97_mean	II	38586	K01A2.8a.1	0.019098486492037527	0.655	NA	NA	NA	NA	NA	mps-2	88086	Local eQTL
t97_mean	II	38586	T08D2.5.2	0.012840224060421769	0.657	NA	NA	NA	NA	NA	T08D2.5	630902	Distant eQTL
t97_mean	II	38586	Y38E10A.5.1	0.004691091841760233	0.657	NA	NA	NA	NA	NA	clec-4	749717	Distant eQTL
t97_mean	II	38586	R09E10.9	0.006047298696638126	0.659	NA	NA	NA	NA	NA	R09E10.9	946924	Distant eQTL
t97_mean	II	38586	W06H3.3.1	0.015794793363008014	0.66	NA	NA	NA	NA	NA	ctps-1	405719	Distant eQTL
t97_mean	II	38586	T10E10.5.1	0.008650102782716098	0.661	NA	NA	NA	NA	NA	col-169	946924	Distant eQTL
t97_mean	II	38586	F11C3.2.1	0.020778605695856496	0.662	NA	NA	NA	NA	NA	unc-122	473231	Distant eQTL
t97_mean	II	38586	F45D11.1	0.008966157560732014	0.663	NA	NA	NA	NA	NA	F45D11.1	1158584	Local eQTL
t97_mean	II	38586	F47F6.5.1	0.011587135496270344	0.666	NA	NA	NA	NA	NA	clec-119	1357875	Local eQTL
t97_mean	II	38586	F23B12.6.1	0.011629045820493324	0.668	NA	NA	NA	NA	NA	fntb-1	9780	Distant eQTL
t97_mean	II	38586	C07D10.4.1	0.0055538058845798636	0.669	NA	NA	NA	NA	NA	nas-7	946924	Distant eQTL
t97_mean	II	38586	C52E2.7.1	0.02244823741428155	0.669	NA	NA	NA	NA	NA	fbxb-96	1604331	Local eQTL
t97_mean	II	38586	C03H5.6.1	0.025826236925534887	0.671	NA	NA	NA	NA	NA	C03H5.6	393537	Local eQTL
t97_mean	II	38586	Y71H2AM.15a.1	0.00473530395603397	0.671	NA	NA	NA	NA	NA	Y71H2AM.15	946924	Distant eQTL
t97_mean	II	38586	F07F6.6.1	0.00947515095280332	0.673	NA	NA	NA	NA	NA	nmr-1	1186497	Distant eQTL
t97_mean	II	38586	T05G5.3.1	0.0052135232899281885	0.674	NA	NA	NA	NA	NA	cdk-1	1186497	Distant eQTL
t97_mean	II	38586	F45D11.10a.1	0.01039424085954628	0.679	NA	NA	NA	NA	NA	fbxc-39	873752	Local eQTL
t97_mean	II	38586	ZK250.7.1	0.013122556096817263	0.68	NA	NA	NA	NA	NA	math-49	1602171	Local eQTL
t97_mean	II	38586	K01A2.7.1	0.010364621928411727	0.684	NA	NA	NA	NA	NA	col-69	946924	Local eQTL
t97_mean	II	38586	C32B5.12	0.03147212371888654	0.685	NA	NA	NA	NA	NA	fbxc-57	955009	Local eQTL
t97_mean	II	38586	B0047.3.1	0.021976421848046393	0.686	NA	NA	NA	NA	NA	bath-24	1677238	Local eQTL
t97_mean	II	38586	C23H3.7.1	0.017632502457662933	0.69	NA	NA	NA	NA	NA	tre-5	9780	Local eQTL
t97_mean	II	38586	ZC155.4.1	0.0060000103540731094	0.69	NA	NA	NA	NA	NA	ZC155.4	1186497	Distant eQTL
t97_mean	II	38586	Y16E11A.1.1	0.018147221270904634	0.691	NA	NA	NA	NA	NA	math-44	1612208	Local eQTL
t97_mean	II	38586	C07D8.2	0.014040484640120605	0.692	NA	NA	NA	NA	NA	C07D8.2	2208261	Distant eQTL
t97_mean	II	38586	ZC247.2.1	0.005622306739476366	0.692	NA	NA	NA	NA	NA	ZC247.2	946924	Distant eQTL
t97_mean	II	38586	M6.1d.1	0.006491194034257298	0.693	NA	NA	NA	NA	NA	ifc-2	946924	Distant eQTL
t97_mean	II	38586	Y45F10B.8.1	0.0038151640039365696	0.693	NA	NA	NA	NA	NA	Y45F10B.8	1395392	Distant eQTL
t97_mean	II	38586	C08E3.12.1	0.004088192414434124	0.695	NA	NA	NA	NA	NA	fbxa-160	2111466	Local eQTL
t97_mean	II	38586	K04G11.2.1	0.005323013714708496	0.696	NA	NA	NA	NA	NA	sel-7	946924	Distant eQTL
t97_mean	II	38586	F42G2.8.2	0.004845412910056329	0.703	NA	NA	NA	NA	NA	fbxa-4	2177009	Local eQTL
t97_mean	II	38586	F44D12.3.1	0.00835292133853373	0.704	NA	NA	NA	NA	NA	msd-1	2177000	Distant eQTL
t97_mean	II	38586	C41D11.1c.1	0.006445575607867899	0.705	NA	NA	NA	NA	NA	eri-6	2180534	Distant eQTL
t97_mean	II	38586	Y69H2.3e.1	0.007954163648593906	0.706	NA	NA	NA	NA	NA	Y69H2.3	587549	Distant eQTL
t97_mean	II	38586	F47B8.5b.1	0.007287423589119158	0.708	NA	NA	NA	NA	NA	F47B8.5	946924	Distant eQTL
t97_mean	II	38586	F56D1.4b.1	0.0037038759936879784	0.71	NA	NA	NA	NA	NA	clr-1	946924	Distant eQTL
t97_mean	II	38586	F23H11.3.1	0.009329421610943887	0.714	NA	NA	NA	NA	NA	sucl-2	1186497	Distant eQTL
t97_mean	II	38586	C08E3.3.1	0.019073599248719243	0.716	NA	NA	NA	NA	NA	bath-33	1664487	Local eQTL
t97_mean	II	38586	K08H10.5	0.005177439071571916	0.716	NA	NA	NA	NA	NA	K08H10.5	795578	Distant eQTL
t97_mean	II	38586	F45H7.2d.2	0.013274434652331734	0.717	NA	NA	NA	NA	NA	gei-1	946924	Distant eQTL
t97_mean	II	38586	K02C4.4a.1	0.012685916921107253	0.717	NA	NA	NA	NA	NA	ltd-1	1146328	Distant eQTL
t97_mean	II	38586	K06A4.8	0.0027714597916549013	0.717	NA	NA	NA	NA	NA	K06A4.8	946924	Distant eQTL
t97_mean	II	38586	C24H12.11	0.005835800248204618	0.724	NA	NA	NA	NA	NA	C24H12.11	395125	Local eQTL
t97_mean	II	38586	F56D5.9.1	0.0032030933816438105	0.725	NA	NA	NA	NA	NA	F56D5.9	1203610	Distant eQTL
t97_mean	II	38586	W10C4.1.1	0.0060899553247686115	0.728	NA	NA	NA	NA	NA	W10C4.1	946924	Distant eQTL
t97_mean	II	38586	F28A10.13.1	0.011145509444350743	0.731	NA	NA	NA	NA	NA	F28A10.13	745191	Local eQTL
t97_mean	II	38586	C33C12.6	0.01501414291111276	0.733	NA	NA	NA	NA	NA	srb-14	2196511	Local eQTL
t97_mean	II	38586	F58E1.5.1	0.009790117430587282	0.735	NA	NA	NA	NA	NA	fbxb-17	1832144	Local eQTL
t97_mean	II	38586	F55C10.3.1	0.00762448937320257	0.736	NA	NA	NA	NA	NA	col-155	1186497	Distant eQTL
t97_mean	II	38586	K07E8.3.1	0.028826103118008928	0.736	NA	NA	NA	NA	NA	sdz-24	660199	Local eQTL
t97_mean	II	38586	F52C6.1	0.011179377480240038	0.737	NA	NA	NA	NA	NA	bath-22	2111466	Local eQTL
t97_mean	II	38586	ZK250.14.1	0.01798568954337854	0.739	NA	NA	NA	NA	NA	ZK250.14	1186497	Local eQTL
t97_mean	II	38586	Y54G2A.25a.1	0.012291530162127006	0.743	NA	NA	NA	NA	NA	lad-2	946924	Distant eQTL
t97_mean	II	38586	R06A4.10c.1	0.007852760466017438	0.747	NA	NA	NA	NA	NA	acr-20	300923	Distant eQTL
t97_mean	II	38586	Y37E11AL.1.1	0.004099615472418517	0.748	NA	NA	NA	NA	NA	Y37E11AL.1	946924	Distant eQTL
t97_mean	II	38586	Y110A2AM.3a.1	0.014725931891655384	0.749	NA	NA	NA	NA	NA	ubc-26	3033085	Local eQTL
t97_mean	II	38586	C08E3.2	0.011494295783528886	0.75	NA	NA	NA	NA	NA	btb-15	1510086	Local eQTL
t97_mean	II	38586	Y59C2A.3.2	0.007736643574474774	0.751	NA	NA	NA	NA	NA	Y59C2A.3	2458227	Local eQTL
t97_mean	II	38586	E04D5.3.2	0.00811290634934489	0.752	NA	NA	NA	NA	NA	cut-4	1186497	Distant eQTL
t97_mean	II	38586	T13B5.4.1	0.0027883376919121097	0.755	NA	NA	NA	NA	NA	col-40	1107654	Local eQTL
t97_mean	II	38586	C24H12.7	0.01566439268894876	0.756	NA	NA	NA	NA	NA	C24H12.7	88086	Local eQTL
t97_mean	II	38586	T13B5.3.2	0.012266227339675358	0.756	NA	NA	NA	NA	NA	pho-14	1100853	Local eQTL
t97_mean	II	38586	C05D11.6a.1	0.004150976995119634	0.758	NA	NA	NA	NA	NA	nas-4	946924	Distant eQTL
t97_mean	II	38586	T13B5.4.2	0.006903083344384298	0.759	NA	NA	NA	NA	NA	col-40	1107654	Local eQTL
t97_mean	II	38586	W04H10.1.1	0.01632417499099892	0.761	NA	NA	NA	NA	NA	W04H10.1	813436	Local eQTL
t97_mean	II	38586	C52E2.4.1	0.020859823974008974	0.762	NA	NA	NA	NA	NA	C52E2.4	2198780	Local eQTL
t97_mean	II	38586	Y45F10D.14.1	0.0074656675264882155	0.763	NA	NA	NA	NA	NA	Y45F10D.14	946924	Distant eQTL
t97_mean	II	38586	C06C3.4.1	0.0028307060657726357	0.768	NA	NA	NA	NA	NA	C06C3.4	946924	Distant eQTL
t97_mean	II	38586	F42G2.5.1	0.0027600051465132085	0.769	NA	NA	NA	NA	NA	F42G2.5	2181630	Local eQTL
t97_mean	II	38586	F47F6.1d.1	0.0018598433759597524	0.769	NA	NA	NA	NA	NA	lin-42	1204125	Local eQTL
t97_mean	II	38586	C03H5.1.2	0.027657772461628743	0.78	NA	NA	NA	NA	NA	clec-10	406190	Local eQTL
t97_mean	II	38586	F52C6.4.2	0.005616476148600328	0.782	NA	NA	NA	NA	NA	F52C6.4	1069724	Local eQTL
t97_mean	II	38586	F59H6.4	0.0038552620066899888	0.786	NA	NA	NA	NA	NA	math-32	1734572	Local eQTL
t97_mean	II	38586	H17B01.3	0.0024041197062976707	0.789	NA	NA	NA	NA	NA	lips-14	1676521	Local eQTL
t97_mean	II	38586	Y54G11A.14a.1	0.005567692288760768	0.794	NA	NA	NA	NA	NA	Y54G11A.14	1209937	Distant eQTL
t97_mean	II	38586	B0047.5	0.014099208946758616	0.797	NA	NA	NA	NA	NA	bath-14	1739882	Local eQTL
t97_mean	II	38586	F56F11.4a.1	0.00395079353426879	0.799	NA	NA	NA	NA	NA	F56F11.4	1462989	Distant eQTL
t97_mean	II	38586	K02B12.6.1	0.0025888876102170668	0.8	NA	NA	NA	NA	NA	K02B12.6	946924	Distant eQTL
t97_mean	II	38586	F41C6.5.2	0.01453300991296287	0.801	NA	NA	NA	NA	NA	col-173	946924	Distant eQTL
t97_mean	II	38586	T02H6.5.1	0.005163419002390244	0.804	NA	NA	NA	NA	NA	T02H6.5	671584	Local eQTL
t97_mean	II	38586	F20D6.1.1	0.00639708771094478	0.806	NA	NA	NA	NA	NA	F20D6.1	1100853	Distant eQTL
t97_mean	II	38586	Y69H2.3g.1	0.0014118270838114535	0.807	NA	NA	NA	NA	NA	Y69H2.3	587549	Distant eQTL
t97_mean	II	38586	F58E1.12.1	0.0058657646580807295	0.808	NA	NA	NA	NA	NA	fbxc-26	1534403	Local eQTL
t97_mean	II	38586	F22E5.13.2	0.002932476638494671	0.811	NA	NA	NA	NA	NA	F22E5.13	946924	Distant eQTL
t97_mean	II	38586	F45D11.5.1	0.004346328399228722	0.812	NA	NA	NA	NA	NA	F45D11.5	1264425	Local eQTL
t97_mean	II	38586	Y56A3A.7a.1	0.007598918219479244	0.812	NA	NA	NA	NA	NA	Y56A3A.7	946924	Distant eQTL
t97_mean	II	38586	B0344.2.2	0.0026958840665780013	0.815	NA	NA	NA	NA	NA	wrt-9	946924	Distant eQTL
t97_mean	II	38586	W10D9.3a.2	0.003058078823531174	0.815	NA	NA	NA	NA	NA	W10D9.3	333781	Local eQTL
t97_mean	II	38586	C48D1.7	0.0034910575896752558	0.823	NA	NA	NA	NA	NA	C48D1.7	9780	Distant eQTL
t97_mean	II	38586	K05F6.11.1	0.003192189430319488	0.823	NA	NA	NA	NA	NA	poml-4	1489520	Local eQTL
t97_mean	II	38586	ZK1055.4.2	0.0070625890195442215	0.823	NA	NA	NA	NA	NA	ZK1055.4	630902	Distant eQTL
t97_mean	II	38586	C16C4.4b.1	0.007922982764702512	0.824	NA	NA	NA	NA	NA	math-14	831616	Distant eQTL
t97_mean	II	38586	F29B9.9a.1	0.008165274924792664	0.824	NA	NA	NA	NA	NA	col-111	946924	Distant eQTL
t97_mean	II	38586	Y110A2AM.3a.2	0.012357879021034711	0.825	NA	NA	NA	NA	NA	ubc-26	2724907	Local eQTL
t97_mean	II	38586	F45D11.16.1	0.004093566705947697	0.828	NA	NA	NA	NA	NA	F45D11.16	968720	Local eQTL
t97_mean	II	38586	K05F6.2.1	0.0011073631174947857	0.828	NA	NA	NA	NA	NA	fbxb-50	1521913	Local eQTL
t97_mean	II	38586	W07E6.3b.1	0.010219378432715167	0.829	NA	NA	NA	NA	NA	sms-5	799753	Local eQTL
t97_mean	II	38586	F54H12.4.1	0.004965909180463372	0.831	NA	NA	NA	NA	NA	F54H12.4	2238305	Distant eQTL
t97_mean	II	38586	F16B4.9.1	0.0015507240515913328	0.834	NA	NA	NA	NA	NA	nhr-178	946924	Distant eQTL
t97_mean	II	38586	F22B3.1.1	0.0026575405359616547	0.834	NA	NA	NA	NA	NA	his-64	1085131	Distant eQTL
t97_mean	II	38586	F28A10.3.1	0.0014777048447956024	0.834	NA	NA	NA	NA	NA	F28A10.3	837397	Local eQTL
t97_mean	II	38586	R09E10.4	0.001870851410852023	0.834	NA	NA	NA	NA	NA	acs-23	946924	Distant eQTL
t97_mean	II	38586	C33C12.7.1	0.00785336395317198	0.838	NA	NA	NA	NA	NA	C33C12.7	1243162	Local eQTL
t97_mean	II	38586	T11A5.6c.1	0.002676964074564862	0.838	NA	NA	NA	NA	NA	clp-9	1186497	Distant eQTL
t97_mean	II	38586	Y16E11A.4.2	0.004917728720077752	0.839	NA	NA	NA	NA	NA	Y16E11A.4	1161110	Local eQTL
t97_mean	II	38586	R07C3.4.1	0.001806308478767274	0.844	NA	NA	NA	NA	NA	acs-15	1174255	Local eQTL
t97_mean	II	38586	M195.3.2	0.0034776755451505254	0.845	NA	NA	NA	NA	NA	amt-3	946924	Distant eQTL
t97_mean	II	38586	C08G5.2.1	0.012020820902386185	0.847	NA	NA	NA	NA	NA	fbxc-48	749717	Local eQTL
t97_mean	II	38586	C32B5.1a.1	0.0016921607969795996	0.847	NA	NA	NA	NA	NA	fbxc-40	965612	Local eQTL
t97_mean	II	38586	F22E5.12.1	0.0059044701897371646	0.849	NA	NA	NA	NA	NA	F22E5.12	2631593	Local eQTL
t97_mean	II	38586	C08E3.8.1	0.007431316640459379	0.853	NA	NA	NA	NA	NA	fbxa-165	873752	Local eQTL
t97_mean	II	38586	C16A11.4a.2	0.00602742010435195	0.855	NA	NA	NA	NA	NA	C16A11.4	2471333	Distant eQTL
t97_mean	II	38586	F13H10.5.1	0.004105207421911929	0.857	NA	NA	NA	NA	NA	F13H10.5	775060	Distant eQTL
t97_mean	II	38586	R07C3.2b.1	0.00374376315297151	0.858	NA	NA	NA	NA	NA	fbxc-36	935213	Local eQTL
t97_mean	II	38586	ZC204.11	0.008843180912315654	0.859	NA	NA	NA	NA	NA	btb-13	1604326	Local eQTL
t97_mean	II	38586	Y39F10C.1b.1	0.006145751424935366	0.863	NA	NA	NA	NA	NA	Y39F10C.1	622528	Local eQTL
t97_mean	II	38586	C23H3.5.2	0.0030546490982153555	0.864	NA	NA	NA	NA	NA	C23H3.5	1186497	Distant eQTL
t97_mean	II	38586	F13A7.12.1	0.004127444214108321	0.864	NA	NA	NA	NA	NA	F13A7.12	595411	Distant eQTL
t97_mean	II	38586	C50D2.9.2	0.007925906599508759	0.865	NA	NA	NA	NA	NA	C50D2.9	619371	Local eQTL
t97_mean	II	38586	W10D9.5a.1	0.017449180388600605	0.865	NA	NA	NA	NA	NA	tomm-22	456592	Local eQTL
t97_mean	II	38586	C40A11.8.1	0.002191728828210173	0.868	NA	NA	NA	NA	NA	C40A11.8	1224887	Local eQTL
t97_mean	II	38586	C06G1.1a.1	0.005584609124719228	0.871	NA	NA	NA	NA	NA	C06G1.1	946924	Distant eQTL
t97_mean	II	38586	ZK250.2.1	0.008517322038361724	0.871	NA	NA	NA	NA	NA	ZK250.2	1510086	Local eQTL
t97_mean	II	38586	F53B7.2a.1	6.638670704981451e-4	0.873	NA	NA	NA	NA	NA	frpr-9	946924	Distant eQTL
t97_mean	II	38586	Y51H7C.2.1	0.002191529962244118	0.873	NA	NA	NA	NA	NA	scl-17	1463718	Local eQTL
t97_mean	II	38586	F26G1.6b.1	0.005030320648787483	0.874	NA	NA	NA	NA	NA	nep-12	551358	Distant eQTL
t97_mean	II	38586	Y71H2B.2.2	0.0025102188231913096	0.874	NA	NA	NA	NA	NA	Y71H2B.2	2154970	Distant eQTL
t97_mean	II	38586	C06A5.8a.1	0.004986325263061763	0.875	NA	NA	NA	NA	NA	C06A5.8	306200	Distant eQTL
t97_mean	II	38586	C41H7.6.2	0.00415829076644615	0.875	NA	NA	NA	NA	NA	lido-9	3052938	Local eQTL
t97_mean	II	38586	F36H5.14.1	0.009551592564055042	0.878	NA	NA	NA	NA	NA	F36H5.14	1612208	Local eQTL
t97_mean	II	38586	Y47H10A.6	4.5689843125420895e-4	0.878	NA	NA	NA	NA	NA	Y47H10A.6	732532	Distant eQTL
t97_mean	II	38586	F54A3.6b.1	0.008962506759144713	0.879	NA	NA	NA	NA	NA	F54A3.6	1489680	Local eQTL
t97_mean	II	38586	T28C6.6.1	0.00200065790801648	0.882	NA	NA	NA	NA	NA	col-3	946924	Distant eQTL
t97_mean	II	38586	C04A11.1a.1	0.0012496096423445242	0.883	NA	NA	NA	NA	NA	C04A11.1	1186497	Distant eQTL
t97_mean	II	38586	W04H10.4a.1	0.0020729964392391304	0.883	NA	NA	NA	NA	NA	clec-118	1408380	Local eQTL
t97_mean	II	38586	ZK250.5	0.007479101940708191	0.884	NA	NA	NA	NA	NA	math-47	1186497	Local eQTL
t97_mean	II	38586	F45C12.7.1	0.001757525954925574	0.885	NA	NA	NA	NA	NA	btb-6	921473	Local eQTL
t97_mean	II	38586	F46C8.8.2	0.00538488113386547	0.885	NA	NA	NA	NA	NA	F46C8.8	946924	Distant eQTL
t97_mean	II	38586	F20A1.7b.1	0.001646831396991561	0.888	NA	NA	NA	NA	NA	twk-11	946924	Distant eQTL
t97_mean	II	38586	F08B4.1b.1	0.003543026648713212	0.889	NA	NA	NA	NA	NA	ints-6	946924	Distant eQTL
t97_mean	II	38586	C17G1.6a.1	0.003788579307802018	0.89	NA	NA	NA	NA	NA	nas-37	946924	Distant eQTL
t97_mean	II	38586	T07D3.4a.1	0.0011333604467909282	0.89	NA	NA	NA	NA	NA	T07D3.4	898250	Local eQTL
t97_mean	II	38586	T11F8.1.1	0.0010748465929904232	0.89	NA	NA	NA	NA	NA	T11F8.1	1395392	Distant eQTL
t97_mean	II	38586	T27B1.2.2	0.003357967326468925	0.892	NA	NA	NA	NA	NA	pat-9	595411	Distant eQTL
t97_mean	II	38586	B0496.3a.1	0.0020607380380377074	0.893	NA	NA	NA	NA	NA	unc-82	946924	Distant eQTL
t97_mean	II	38586	C24G7.2.1	0.0027528497677162347	0.9	NA	NA	NA	NA	NA	acd-1	946924	Distant eQTL
t97_mean	II	38586	F33H12.1.1	0.0037800176679888132	0.9	NA	NA	NA	NA	NA	F33H12.1	2219377	Local eQTL
t97_mean	II	38586	F10G2.11	0.00252508021203724	0.902	NA	NA	NA	NA	NA	F10G2.11	946924	Distant eQTL
t97_mean	II	38586	F45D11.9.1	0.0028440805040297204	0.903	NA	NA	NA	NA	NA	fbxc-42	980171	Local eQTL
t97_mean	II	38586	B0393.5.1	0.004131926631557327	0.906	NA	NA	NA	NA	NA	B0393.5	946924	Distant eQTL
t97_mean	II	38586	F49E12.8.1	5.943181294404266e-4	0.906	NA	NA	NA	NA	NA	F49E12.8	946924	Distant eQTL
t97_mean	II	38586	K01A2.8d.1	0.0022804723134953265	0.907	NA	NA	NA	NA	NA	mps-2	306200	Local eQTL
t97_mean	II	38586	F12E12.11.1	0.004295030864842952	0.909	NA	NA	NA	NA	NA	F12E12.11	384496	Distant eQTL
t97_mean	II	38586	C33C12.9.1	0.0034760090545139966	0.91	NA	NA	NA	NA	NA	mtq-2	2196441	Local eQTL
t97_mean	II	38586	R07C3.2a.1	5.986478634893006e-4	0.91	NA	NA	NA	NA	NA	fbxc-36	935213	Local eQTL
t97_mean	II	38586	R03G5.2.2	0.0011776527284270868	0.911	NA	NA	NA	NA	NA	sek-1	209512	Distant eQTL
t97_mean	II	38586	C16C4.9	0.002371779921280982	0.912	NA	NA	NA	NA	NA	math-17	1521913	Local eQTL
t97_mean	II	38586	F18F11.3g.1	2.9629118826870923e-4	0.912	NA	NA	NA	NA	NA	cdh-8	946924	Distant eQTL
t97_mean	II	38586	C50D2.8b.1	6.771690483201533e-4	0.914	NA	NA	NA	NA	NA	C50D2.8	1158584	Distant eQTL
t97_mean	II	38586	F29C12.1b.1	0.0038423552076371163	0.915	NA	NA	NA	NA	NA	pqn-32	551358	Distant eQTL
t97_mean	II	38586	F54E12.3.1	0.0030720086532689318	0.919	NA	NA	NA	NA	NA	his-56	671347	Distant eQTL
t97_mean	II	38586	T22D2.1.1	0.0014579347091791496	0.919	NA	NA	NA	NA	NA	vab-19	946924	Distant eQTL
t97_mean	II	38586	F58A4.11.1	1.8142333442359976e-4	0.92	NA	NA	NA	NA	NA	gei-13	946924	Distant eQTL
t97_mean	II	38586	Y16E11A.4.1	0.0014563664621341913	0.92	NA	NA	NA	NA	NA	Y16E11A.4	1166303	Local eQTL
t97_mean	II	38586	F09C6.4	3.508888279108723e-4	0.921	NA	NA	NA	NA	NA	srp-10	946924	Distant eQTL
t97_mean	II	38586	W09B6.3c.1	0.0017623796154897997	0.921	NA	NA	NA	NA	NA	eri-3	1091173	Local eQTL
t97_mean	II	38586	Y43F8B.2b.2	7.60233612635268e-4	0.921	NA	NA	NA	NA	NA	Y43F8B.2	1186497	Distant eQTL
t97_mean	II	38586	B0035.9.1	0.0030720086532689318	0.922	NA	NA	NA	NA	NA	his-46	671347	Distant eQTL
t97_mean	II	38586	H24G06.1a.1	3.43701495753121e-4	0.922	NA	NA	NA	NA	NA	H24G06.1	1186497	Distant eQTL
t97_mean	II	38586	Y47G7B.2.1	0.003780782484326861	0.922	NA	NA	NA	NA	NA	Y47G7B.2	2716732	Local eQTL
t97_mean	II	38586	C50D2.6a.1	0.004704010294369791	0.927	NA	NA	NA	NA	NA	C50D2.6	799753	Local eQTL
t97_mean	II	38586	ZC204.12.1	0.001902630474999165	0.928	NA	NA	NA	NA	NA	ZC204.12	1464906	Local eQTL
t97_mean	II	38586	C41G11.3a.2	0.0011916524260641291	0.929	NA	NA	NA	NA	NA	rgs-6	499521	Distant eQTL
t97_mean	II	38586	F42G2.2b.2	0.0037075777515617947	0.932	NA	NA	NA	NA	NA	F42G2.2	2227220	Local eQTL
t97_mean	II	38586	K02E7.12.1	0.0037005325402370295	0.932	NA	NA	NA	NA	NA	K02E7.12	1074233	Local eQTL
t97_mean	II	38586	Y11D7A.1	1.975394819011609e-4	0.934	NA	NA	NA	NA	NA	Y11D7A.1	946924	Distant eQTL
t97_mean	II	38586	ZC204.3.1	6.700869623774331e-4	0.934	NA	NA	NA	NA	NA	btb-12	1616261	Local eQTL
t97_mean	II	38586	C09D4.4b.1	0.002310118535443108	0.94	NA	NA	NA	NA	NA	C09D4.4	749717	Distant eQTL
t97_mean	II	38586	Y57G11C.18	0.0011251667788215417	0.94	NA	NA	NA	NA	NA	Y57G11C.18	2458227	Distant eQTL
t97_mean	II	38586	Y51H7C.1.2	3.5242338111489977e-4	0.943	NA	NA	NA	NA	NA	Y51H7C.1	1367095	Local eQTL
t97_mean	II	38586	Y22D7AR.5.1	0.00256749527314129	0.946	NA	NA	NA	NA	NA	glb-30	946924	Distant eQTL
t97_mean	II	38586	W05B2.1.2	0.002559751325971173	0.948	NA	NA	NA	NA	NA	col-94	946924	Distant eQTL
t97_mean	II	38586	C33C12.11.1	0.0040292171738591	0.951	NA	NA	NA	NA	NA	C33C12.11	2194057	Local eQTL
t97_mean	II	38586	K04G2.7a.1	0.0019420063626309288	0.951	NA	NA	NA	NA	NA	K04G2.7	946924	Distant eQTL
t97_mean	II	38586	ZC204.16	4.32654245568507e-4	0.951	NA	NA	NA	NA	NA	fbxb-27	1612208	Local eQTL
t97_mean	II	38586	R07C3.6.1	4.026340184135107e-4	0.958	NA	NA	NA	NA	NA	fbxc-28	946924	Local eQTL
t97_mean	II	38586	F55G11.1.1	5.279233626357361e-4	0.961	NA	NA	NA	NA	NA	F55G11.1	1100853	Distant eQTL
t97_mean	II	38586	Y43C5B.2.1	1.9247465744026942e-4	0.963	NA	NA	NA	NA	NA	Y43C5B.2	946924	Distant eQTL
t97_mean	II	38586	C08F1.4a.2	0.0049198064160299775	0.964	NA	NA	NA	NA	NA	math-3	1180779	Local eQTL
t97_mean	II	38586	C46F9.2.1	0.001607411798448786	0.967	NA	NA	NA	NA	NA	math-23	2439617	Local eQTL
t97_mean	II	38586	F23F1.5.1	7.412899529847781e-5	0.967	NA	NA	NA	NA	NA	F23F1.5	541722	Local eQTL
t97_mean	II	38586	F59H6.8.1	7.016292902237879e-4	0.967	NA	NA	NA	NA	NA	bath-21	2188385	Local eQTL
t97_mean	II	38586	C33C12.5.1	3.315967616121539e-4	0.968	NA	NA	NA	NA	NA	fbxb-38	2112565	Local eQTL
t97_mean	II	38586	R07C3.13a.1	6.126963454204527e-4	0.968	NA	NA	NA	NA	NA	R07C3.13	1435693	Local eQTL
t97_mean	II	38586	F58E10.4.1	0.0013781608396549372	0.974	NA	NA	NA	NA	NA	aip-1	473231	Distant eQTL
t97_mean	II	38586	M03F4.6.2	8.511500917970858e-4	0.974	NA	NA	NA	NA	NA	M03F4.6	715409	Distant eQTL
t97_mean	II	38586	T13B5.9.1	0.0015606340517301804	0.974	NA	NA	NA	NA	NA	T13B5.9	1075610	Local eQTL
t97_mean	II	38586	C08F11.14	8.003287283392784e-5	0.976	NA	NA	NA	NA	NA	C08F11.14	946924	Distant eQTL
t97_mean	II	38586	C23F12.1u.1	3.7231615153109174e-4	0.978	NA	NA	NA	NA	NA	fln-2	946924	Distant eQTL
t97_mean	II	38586	C40D2.3.1	9.870285118376949e-4	0.979	NA	NA	NA	NA	NA	math-21	1612208	Local eQTL
t97_mean	II	38586	ZC204.9.1	3.116309402209105e-4	0.98	NA	NA	NA	NA	NA	fbxb-20	1250171	Local eQTL
t97_mean	II	38586	T11F9.6.1	3.0202012697786427e-4	0.981	NA	NA	NA	NA	NA	nas-22	946924	Distant eQTL
t97_mean	II	38586	T07D3.4b.1	2.8127754932680336e-4	0.983	NA	NA	NA	NA	NA	T07D3.4	808667	Local eQTL
t97_mean	II	38586	Y48G8AR.1a.2	6.553305300878565e-4	0.983	NA	NA	NA	NA	NA	grh-1	9780	Distant eQTL
t97_mean	II	38586	Y61A9LA.7a.1	3.935304865879767e-4	0.983	NA	NA	NA	NA	NA	Y61A9LA.7	946924	Distant eQTL
t97_mean	II	38586	C24G6.7.1	5.705069852579399e-4	0.984	NA	NA	NA	NA	NA	grl-1	946924	Distant eQTL
t97_mean	II	38586	F59E12.4a.2	4.744939838435008e-4	0.988	NA	NA	NA	NA	NA	npl-4.1	5544015	Local eQTL
t97_mean	II	38586	F40B1.2	4.650931589767491e-4	0.989	NA	NA	NA	NA	NA	bath-18	2514462	Local eQTL
t97_mean	II	38586	ZC204.7.1	4.5280835950918595e-4	0.989	NA	NA	NA	NA	NA	fbxb-15	1611691	Local eQTL
t97_mean	II	38586	Y47H10A.2.1	1.0746024394300679e-4	0.991	NA	NA	NA	NA	NA	Y47H10A.2	914265	Distant eQTL
t97_mean	II	38586	W06H8.4	2.2461877056014607e-4	0.992	NA	NA	NA	NA	NA	W06H8.4	946924	Distant eQTL
t97_mean	II	38586	C25A6.1.1	9.809503284605856e-7	0.998	NA	NA	NA	NA	NA	C25A6.1	946924	Distant eQTL
t97_mean	II	38586	Y51H7BM.1.1	1.4995198207516687e-7	0.998	NA	NA	NA	NA	NA	math-45	1677238	Local eQTL
t97_mean	II	38586	Y17D7B.1b.1	5.559668235594952e-6	0.999	NA	NA	NA	NA	NA	nhr-231	430729	Distant eQTL
